name,email,phonenumber,datecreate,lastupdate,is_active
"djsak","albgfgo@gmail.com","1212213","1992-12-1","1992-12-1","1"
"viden","albagfgo@gmail.com","1212213","1992-12-1","1992-12-1","1"
"vidasden","albgdfgo@gmail.com","1212213","1992-12-1","1992-12-1","1"
"vidasdaen","albgffgo@gmail.com","1212213","1992-12-1","1992-12-1","1"
"vidasdasen","albagfgo@gmail.com","1212213","1992-12-1","1992-12-1","1"
"djsak","albgfgo@gmail.com","1212213","1992-12-1","1992-12-1","1"
"viddasen","albagfgo@gmail.com","1212213","1992-12-1","1992-12-1","1"
"vidasden","albgdfgo@gmail.com","1212213","1992-12-1","1992-12-1","1"
"vidasadsdaen","albgffgo@gmail.com","1212213","1992-12-1","1992-12-1","1"
"vidasdasen","albagfgo@gmail.com","1212213","1992-12-1","1992-12-1","1"
"djsak","albgfgo@gmail.com","1212213","1992-12-1","1992-12-1","1"
"viden","albagfgo@gmail.com","1212213","1992-12-1","1992-12-1","1"
"vidasden","albgdfgo@gmail.com","1212213","1992-12-1","1992-12-1","1"
"vidsadasdaen","albgffgo@gmail.com","1212213","1992-12-1","1992-12-1","1"
"vidasdasen","albagfgo@gmail.com","1212213","1992-12-1","1992-12-1","1"
"djsadsak","albgfgo@gmail.com","1212213","1992-12-1","1992-12-1","1"
"viden","albagfgo@gmail.com","1212213","1992-12-1","1992-12-1","1"
"vidsadasden","albgdfgo@gmail.com","1212213","1992-12-1","1992-12-1","1"
"vidasdaen","albgffgo@gmail.com","1212213","1992-12-1","1992-12-1","1"
"vidsadasdasen","albagfgo@gmail.com","1212213","1992-12-1","1992-12-1","1"